timestamp,state,failure_count,retry_attempts,success_rate,avg_response_time
2025-08-20 21:01:01,CLOSED,0,0,100.00%,4.50ms
2025-08-20 21:01:06,CLOSED,0,0,100.00%,4.50ms
2025-08-20 21:01:11,CLOSED,0,0,100.00%,4.55ms
2025-08-20 21:01:16,CLOSED,0,0,100.00%,4.55ms
2025-08-20 21:01:21,CLOSED,0,0,100.00%,4.55ms
2025-08-20 21:01:26,CLOSED,0,0,100.00%,4.56ms
2025-08-20 21:01:31,CLOSED,0,0,100.00%,4.56ms
2025-08-20 21:01:36,CLOSED,0,0,100.00%,4.56ms
2025-08-20 21:01:41,CLOSED,0,0,100.00%,4.54ms
2025-08-20 21:01:46,CLOSED,0,0,100.00%,4.54ms
2025-08-20 21:01:51,CLOSED,0,0,100.00%,4.54ms
2025-08-20 21:01:56,CLOSED,0,0,100.00%,4.55ms
2025-08-20 21:02:01,CLOSED,0,0,100.00%,4.55ms
2025-08-20 21:02:06,CLOSED,0,0,100.00%,4.55ms
2025-08-20 21:02:11,CLOSED,0,0,100.00%,4.53ms
2025-08-20 21:02:16,CLOSED,0,0,100.00%,4.53ms
2025-08-20 21:02:21,CLOSED,0,0,100.00%,4.53ms
2025-08-20 21:02:26,CLOSED,0,0,100.00%,4.53ms
2025-08-20 21:02:31,CLOSED,0,0,100.00%,4.53ms
2025-08-20 21:02:36,CLOSED,0,0,100.00%,4.53ms
2025-08-20 21:02:41,CLOSED,0,0,100.00%,4.55ms
2025-08-20 21:02:46,CLOSED,0,0,100.00%,4.55ms
2025-08-20 21:02:51,CLOSED,0,0,100.00%,4.55ms
2025-08-20 21:02:56,CLOSED,0,0,100.00%,4.55ms
2025-08-20 21:03:01,CLOSED,0,0,100.00%,4.55ms
2025-08-20 21:03:07,CLOSED,0,0,100.00%,4.55ms
2025-08-20 21:03:12,CLOSED,0,0,100.00%,4.53ms
2025-08-20 21:03:17,CLOSED,0,0,100.00%,4.53ms
2025-08-20 21:03:22,CLOSED,0,0,100.00%,4.53ms
2025-08-20 21:03:27,CLOSED,0,0,100.00%,4.54ms
2025-08-20 21:03:32,CLOSED,0,0,100.00%,4.54ms
2025-08-20 21:03:37,CLOSED,0,0,100.00%,4.54ms
2025-08-20 21:03:42,CLOSED,0,0,100.00%,4.54ms
2025-08-20 21:03:47,CLOSED,0,0,100.00%,4.54ms
2025-08-20 21:03:52,CLOSED,0,0,100.00%,4.54ms
2025-08-20 21:03:57,CLOSED,0,0,100.00%,4.55ms
2025-08-20 21:04:02,CLOSED,0,0,100.00%,4.55ms
2025-08-20 21:04:07,CLOSED,0,0,100.00%,4.55ms
2025-08-20 21:04:12,CLOSED,0,0,100.00%,4.54ms
2025-08-20 21:04:17,CLOSED,0,0,100.00%,4.54ms
2025-08-20 21:04:22,CLOSED,0,0,100.00%,4.54ms
2025-08-20 21:04:27,CLOSED,0,0,100.00%,4.53ms
2025-08-20 21:04:32,CLOSED,0,0,100.00%,4.53ms
2025-08-20 21:04:37,CLOSED,0,0,100.00%,4.53ms
2025-08-20 21:04:42,CLOSED,0,0,100.00%,4.53ms
2025-08-20 21:04:47,CLOSED,0,0,100.00%,4.53ms
2025-08-20 21:04:52,CLOSED,0,0,100.00%,4.53ms
2025-08-20 21:04:57,CLOSED,0,0,100.00%,4.52ms
2025-08-20 21:05:02,CLOSED,0,0,100.00%,4.52ms
2025-08-20 21:05:07,CLOSED,0,0,100.00%,4.52ms
2025-08-20 21:05:13,CLOSED,0,0,100.00%,4.53ms
2025-08-20 21:05:18,CLOSED,0,0,100.00%,4.53ms
2025-08-20 21:05:23,CLOSED,0,0,100.00%,4.53ms
2025-08-20 21:05:28,CLOSED,0,0,100.00%,4.50ms
2025-08-20 21:05:33,CLOSED,0,0,100.00%,4.50ms
2025-08-20 21:05:38,CLOSED,0,0,100.00%,4.50ms
2025-08-20 21:05:43,CLOSED,0,0,100.00%,4.49ms
2025-08-20 21:05:48,CLOSED,0,0,100.00%,4.49ms
2025-08-20 21:05:53,CLOSED,0,0,100.00%,4.49ms
2025-08-20 21:05:58,CLOSED,0,0,100.00%,4.47ms
2025-08-20 21:06:03,CLOSED,0,0,100.00%,4.47ms
2025-08-20 21:06:08,CLOSED,0,0,100.00%,4.47ms
2025-08-20 21:06:13,CLOSED,0,0,100.00%,4.45ms
2025-08-20 21:06:18,CLOSED,0,0,100.00%,4.45ms
2025-08-20 21:06:23,CLOSED,0,0,100.00%,4.45ms
2025-08-20 21:06:28,CLOSED,0,0,100.00%,4.44ms
2025-08-20 21:06:33,CLOSED,0,0,100.00%,4.44ms
2025-08-20 21:06:38,CLOSED,0,0,100.00%,4.44ms
2025-08-20 21:06:43,CLOSED,0,0,100.00%,4.43ms
2025-08-20 21:06:48,CLOSED,0,0,100.00%,4.43ms
2025-08-20 21:06:53,CLOSED,0,0,100.00%,4.43ms
2025-08-20 21:06:58,CLOSED,0,0,100.00%,4.41ms
2025-08-20 21:07:03,CLOSED,0,0,100.00%,4.41ms
2025-08-20 21:07:08,CLOSED,0,0,100.00%,4.41ms
2025-08-20 21:07:13,CLOSED,0,0,100.00%,4.40ms
2025-08-20 21:07:18,CLOSED,0,0,100.00%,4.40ms
2025-08-20 21:07:23,CLOSED,0,0,100.00%,4.40ms
2025-08-20 21:07:28,CLOSED,0,0,100.00%,4.39ms
2025-08-20 21:07:33,CLOSED,0,0,100.00%,4.39ms
2025-08-20 21:07:38,CLOSED,0,0,100.00%,4.39ms
2025-08-20 21:07:44,CLOSED,0,0,100.00%,4.37ms
2025-08-20 21:07:49,CLOSED,0,0,100.00%,4.37ms
2025-08-20 21:07:54,CLOSED,0,0,100.00%,4.37ms
2025-08-20 21:07:59,CLOSED,0,0,100.00%,4.36ms
2025-08-20 21:08:04,CLOSED,0,0,100.00%,4.36ms
2025-08-20 21:08:09,CLOSED,0,0,100.00%,4.36ms
2025-08-20 21:08:14,CLOSED,0,0,100.00%,4.35ms
2025-08-20 21:08:19,CLOSED,0,0,100.00%,4.35ms
2025-08-20 21:08:24,CLOSED,0,0,100.00%,4.35ms
2025-08-20 21:08:29,CLOSED,0,0,100.00%,4.33ms
2025-08-20 21:08:34,CLOSED,0,0,100.00%,4.33ms
2025-08-20 21:08:39,CLOSED,0,0,100.00%,4.33ms
2025-08-20 21:08:44,CLOSED,0,0,100.00%,4.32ms
2025-08-20 21:08:49,CLOSED,0,0,100.00%,4.32ms
2025-08-20 21:08:54,CLOSED,0,0,100.00%,4.32ms
2025-08-20 21:08:59,CLOSED,0,0,100.00%,4.30ms
2025-08-20 21:09:04,CLOSED,0,0,100.00%,4.30ms
2025-08-20 21:09:09,CLOSED,0,0,100.00%,4.28ms
2025-08-20 21:09:14,CLOSED,0,0,100.00%,4.28ms
2025-08-20 21:09:19,CLOSED,0,0,100.00%,4.28ms
2025-08-20 21:09:24,CLOSED,0,0,100.00%,4.26ms
2025-08-20 21:09:29,CLOSED,0,0,100.00%,4.26ms
2025-08-20 21:09:34,CLOSED,0,0,100.00%,4.26ms
2025-08-20 21:09:39,CLOSED,0,0,100.00%,4.24ms
2025-08-20 21:09:44,CLOSED,0,0,100.00%,4.24ms
2025-08-20 21:09:49,CLOSED,0,0,100.00%,4.24ms
2025-08-20 21:09:54,CLOSED,0,0,100.00%,4.22ms
2025-08-20 21:10:00,CLOSED,0,0,100.00%,4.22ms
2025-08-20 21:10:05,CLOSED,0,0,100.00%,4.22ms
2025-08-20 21:10:10,CLOSED,0,0,100.00%,4.24ms
2025-08-20 21:10:15,CLOSED,0,0,100.00%,4.24ms
2025-08-20 21:10:20,CLOSED,0,0,100.00%,4.24ms
2025-08-20 21:10:25,CLOSED,0,0,100.00%,4.22ms
2025-08-20 21:10:30,CLOSED,0,0,100.00%,4.22ms
2025-08-20 21:10:35,CLOSED,0,0,100.00%,4.22ms
2025-08-20 21:10:40,CLOSED,0,0,100.00%,4.20ms
2025-08-20 21:10:45,CLOSED,0,0,100.00%,4.20ms
2025-08-20 21:10:50,CLOSED,0,0,100.00%,4.20ms
2025-08-20 21:10:55,CLOSED,0,0,100.00%,4.18ms
2025-08-20 21:11:00,CLOSED,0,0,100.00%,4.18ms
2025-08-20 21:11:05,CLOSED,0,0,100.00%,4.18ms
2025-08-20 21:11:10,CLOSED,0,0,100.00%,4.17ms
2025-08-20 21:11:15,CLOSED,0,0,100.00%,4.17ms
2025-08-20 21:11:20,CLOSED,0,0,100.00%,4.17ms
2025-08-20 21:11:25,CLOSED,0,0,100.00%,4.15ms
2025-08-20 21:11:30,CLOSED,0,0,100.00%,4.15ms
2025-08-20 21:11:35,CLOSED,0,0,100.00%,4.15ms
2025-08-20 21:11:40,CLOSED,0,0,100.00%,4.13ms
2025-08-20 21:11:45,CLOSED,0,0,100.00%,4.13ms
2025-08-20 21:11:50,CLOSED,0,0,100.00%,4.13ms
2025-08-20 21:11:55,CLOSED,0,0,100.00%,4.11ms
2025-08-20 21:12:00,CLOSED,0,0,100.00%,4.11ms
2025-08-20 21:12:05,CLOSED,0,0,100.00%,4.11ms
2025-08-20 21:12:10,CLOSED,0,0,100.00%,4.10ms
2025-08-20 21:12:15,CLOSED,0,0,100.00%,4.10ms
2025-08-20 21:12:20,CLOSED,0,0,100.00%,4.10ms
2025-08-20 21:12:25,CLOSED,0,0,100.00%,4.08ms
2025-08-20 21:12:30,CLOSED,0,0,100.00%,4.08ms
2025-08-20 21:12:35,CLOSED,0,0,100.00%,4.08ms
2025-08-20 21:12:40,CLOSED,0,0,100.00%,4.07ms
2025-08-20 21:12:45,CLOSED,0,0,100.00%,4.07ms
2025-08-20 21:12:50,CLOSED,0,0,100.00%,4.07ms
2025-08-20 21:12:55,CLOSED,0,0,100.00%,4.05ms
2025-08-20 21:13:00,CLOSED,0,0,100.00%,4.05ms
2025-08-20 21:13:05,CLOSED,0,0,100.00%,4.05ms
2025-08-20 21:13:11,CLOSED,0,0,100.00%,4.04ms
2025-08-20 21:13:16,CLOSED,0,0,100.00%,4.04ms
2025-08-20 21:13:21,CLOSED,0,0,100.00%,4.04ms
2025-08-20 21:13:26,CLOSED,0,0,100.00%,4.04ms
2025-08-20 21:13:31,CLOSED,0,0,100.00%,4.04ms
2025-08-20 21:13:36,CLOSED,0,0,100.00%,4.04ms
2025-08-20 21:13:41,CLOSED,0,0,100.00%,4.03ms
2025-08-20 21:13:46,CLOSED,0,0,100.00%,4.03ms
2025-08-20 21:13:51,CLOSED,0,0,100.00%,4.03ms
2025-08-20 21:13:56,CLOSED,0,0,100.00%,4.04ms
2025-08-20 21:14:01,CLOSED,0,0,100.00%,4.04ms
2025-08-20 21:14:06,CLOSED,0,0,100.00%,4.04ms
2025-08-20 21:14:11,CLOSED,0,0,100.00%,4.04ms
2025-08-20 21:14:16,CLOSED,0,0,100.00%,4.04ms
2025-08-20 21:14:21,CLOSED,0,0,100.00%,4.04ms
2025-08-20 21:14:26,CLOSED,0,0,100.00%,4.04ms
2025-08-20 21:14:31,CLOSED,0,0,100.00%,4.04ms
2025-08-20 21:14:36,CLOSED,0,0,100.00%,4.04ms
2025-08-20 21:14:41,CLOSED,0,0,100.00%,4.04ms
2025-08-20 21:14:46,CLOSED,0,0,100.00%,4.04ms
2025-08-20 21:14:51,CLOSED,0,0,100.00%,4.04ms
2025-08-20 21:14:56,CLOSED,0,0,100.00%,4.03ms
2025-08-20 21:15:01,CLOSED,0,0,100.00%,4.03ms
2025-08-20 21:15:06,CLOSED,0,0,100.00%,4.03ms
2025-08-20 21:15:11,CLOSED,0,0,100.00%,4.02ms
2025-08-20 21:15:16,CLOSED,0,0,100.00%,4.02ms
2025-08-20 21:15:21,CLOSED,0,0,100.00%,4.02ms
2025-08-20 21:15:27,CLOSED,0,0,100.00%,4.01ms
2025-08-20 21:15:32,CLOSED,0,0,100.00%,4.01ms
2025-08-20 21:15:37,CLOSED,0,0,100.00%,4.01ms
2025-08-20 21:15:42,CLOSED,0,0,100.00%,3.99ms
2025-08-20 21:15:47,CLOSED,0,0,100.00%,3.99ms
2025-08-20 21:15:52,CLOSED,0,0,100.00%,3.99ms
2025-08-20 21:15:57,CLOSED,0,0,100.00%,3.98ms
2025-08-20 21:16:02,CLOSED,0,0,100.00%,3.98ms
2025-08-20 21:16:07,CLOSED,0,0,100.00%,3.98ms
2025-08-20 21:16:12,CLOSED,0,0,100.00%,3.98ms
2025-08-20 21:16:17,CLOSED,0,0,100.00%,3.98ms
2025-08-20 21:16:22,CLOSED,0,0,100.00%,3.98ms
2025-08-20 21:16:27,CLOSED,0,0,100.00%,3.98ms
2025-08-20 21:16:32,CLOSED,0,0,100.00%,3.98ms
2025-08-20 21:16:37,CLOSED,0,0,100.00%,3.98ms
2025-08-20 21:16:42,CLOSED,0,0,100.00%,3.98ms
2025-08-20 21:16:47,CLOSED,0,0,100.00%,3.98ms
2025-08-20 21:16:52,CLOSED,0,0,100.00%,3.98ms
2025-08-20 21:16:57,CLOSED,0,0,100.00%,3.99ms
2025-08-20 21:17:02,CLOSED,0,0,100.00%,3.99ms
2025-08-20 21:17:07,CLOSED,0,0,100.00%,3.99ms
2025-08-20 21:17:12,CLOSED,0,0,100.00%,3.99ms
2025-08-20 21:17:17,CLOSED,0,0,100.00%,3.99ms
2025-08-20 21:17:22,CLOSED,0,0,100.00%,3.99ms
2025-08-20 21:17:27,CLOSED,0,0,100.00%,3.98ms
2025-08-20 21:17:32,CLOSED,0,0,100.00%,3.98ms
2025-08-20 21:17:37,CLOSED,0,0,100.00%,3.98ms
2025-08-20 21:17:43,CLOSED,0,0,100.00%,3.98ms
2025-08-20 21:17:48,CLOSED,0,0,100.00%,3.98ms
2025-08-20 21:17:53,CLOSED,0,0,100.00%,3.98ms
2025-08-20 21:17:58,CLOSED,0,0,100.00%,3.98ms
2025-08-20 21:18:03,CLOSED,0,0,100.00%,3.98ms
2025-08-20 21:18:08,CLOSED,0,0,100.00%,3.98ms
2025-08-20 21:18:13,CLOSED,0,0,100.00%,3.97ms
2025-08-20 21:18:18,CLOSED,0,0,100.00%,3.97ms
2025-08-20 21:18:23,CLOSED,0,0,100.00%,3.97ms
2025-08-20 21:18:28,CLOSED,0,0,100.00%,3.96ms
2025-08-20 21:18:33,CLOSED,0,0,100.00%,3.96ms
2025-08-20 21:18:38,CLOSED,0,0,100.00%,3.96ms
2025-08-20 21:18:43,CLOSED,0,0,100.00%,3.94ms
2025-08-20 21:18:48,CLOSED,0,0,100.00%,3.94ms
2025-08-20 21:18:53,CLOSED,0,0,100.00%,3.94ms
2025-08-20 21:18:58,CLOSED,0,0,100.00%,3.95ms
2025-08-20 21:19:03,CLOSED,0,0,100.00%,3.95ms
2025-08-20 21:19:08,CLOSED,0,0,100.00%,3.95ms
2025-08-20 21:19:13,CLOSED,0,0,100.00%,3.94ms
2025-08-20 21:19:18,CLOSED,0,0,100.00%,3.94ms
2025-08-20 21:19:23,CLOSED,0,0,100.00%,3.94ms
2025-08-20 21:19:28,CLOSED,0,0,100.00%,3.93ms
2025-08-20 21:19:33,CLOSED,0,0,100.00%,3.93ms
2025-08-20 21:19:38,CLOSED,0,0,100.00%,3.93ms
2025-08-20 21:19:43,CLOSED,0,0,100.00%,3.92ms
2025-08-20 21:19:48,CLOSED,0,0,100.00%,3.92ms
2025-08-20 21:19:53,CLOSED,0,0,100.00%,3.92ms
2025-08-20 21:19:58,CLOSED,0,0,100.00%,3.91ms
2025-08-20 21:20:03,CLOSED,0,0,100.00%,3.91ms
2025-08-20 21:20:08,CLOSED,0,0,100.00%,3.91ms
2025-08-20 21:20:13,CLOSED,0,0,100.00%,3.90ms
2025-08-20 21:20:19,CLOSED,0,0,100.00%,3.90ms
2025-08-20 21:20:24,CLOSED,0,0,100.00%,3.90ms
2025-08-20 21:20:29,CLOSED,0,0,100.00%,3.88ms
2025-08-20 21:20:34,CLOSED,0,0,100.00%,3.88ms
2025-08-20 21:20:39,CLOSED,0,0,100.00%,3.88ms
2025-08-20 21:20:44,CLOSED,0,0,100.00%,3.87ms
2025-08-20 21:20:49,CLOSED,0,0,100.00%,3.87ms
2025-08-20 21:20:54,CLOSED,0,0,100.00%,3.87ms
2025-08-20 21:20:59,CLOSED,0,0,100.00%,3.86ms
2025-08-20 21:21:04,CLOSED,0,0,100.00%,3.86ms
2025-08-20 21:21:09,CLOSED,0,0,100.00%,3.86ms
2025-08-20 21:21:14,CLOSED,0,0,100.00%,3.85ms
2025-08-20 21:21:19,CLOSED,0,0,100.00%,3.85ms
2025-08-20 21:21:24,CLOSED,0,0,100.00%,3.85ms
2025-08-20 21:21:29,CLOSED,0,0,100.00%,3.84ms
2025-08-20 21:21:34,CLOSED,0,0,100.00%,3.84ms
2025-08-20 21:21:39,CLOSED,0,0,100.00%,3.84ms
2025-08-20 21:21:44,CLOSED,0,0,100.00%,3.84ms
2025-08-20 21:21:49,CLOSED,0,0,100.00%,3.84ms
2025-08-20 21:21:54,CLOSED,0,0,100.00%,3.85ms
2025-08-20 21:21:59,CLOSED,0,0,100.00%,3.85ms
2025-08-20 21:22:04,CLOSED,0,0,100.00%,3.85ms
2025-08-20 21:22:09,CLOSED,0,0,100.00%,3.90ms
2025-08-20 21:22:14,CLOSED,0,0,100.00%,3.90ms
2025-08-20 21:22:20,CLOSED,0,0,100.00%,3.90ms
2025-08-20 21:22:25,CLOSED,0,0,100.00%,3.93ms
2025-08-20 21:22:30,CLOSED,0,0,100.00%,3.93ms
2025-08-20 21:22:35,CLOSED,0,0,100.00%,3.93ms
2025-08-20 21:22:40,CLOSED,0,0,100.00%,3.95ms
2025-08-20 21:22:45,CLOSED,0,0,100.00%,3.95ms
2025-08-20 21:22:50,CLOSED,0,0,100.00%,3.95ms
2025-08-20 21:22:55,CLOSED,0,0,100.00%,3.94ms
2025-08-20 21:23:00,CLOSED,0,0,100.00%,3.94ms
2025-08-20 21:23:05,CLOSED,0,0,100.00%,3.94ms
2025-08-20 21:23:10,CLOSED,0,0,100.00%,4.05ms
2025-08-20 21:23:15,CLOSED,0,0,100.00%,4.05ms
2025-08-20 21:23:20,CLOSED,0,0,100.00%,4.05ms
2025-08-20 21:23:25,CLOSED,0,0,100.00%,4.06ms
2025-08-20 21:23:30,CLOSED,0,0,100.00%,4.06ms
2025-08-20 21:23:35,CLOSED,0,0,100.00%,4.06ms
2025-08-20 21:23:40,CLOSED,0,0,100.00%,4.06ms
2025-08-20 21:23:45,CLOSED,0,0,100.00%,4.06ms
2025-08-20 21:23:50,CLOSED,0,0,100.00%,4.06ms
2025-08-20 21:23:55,CLOSED,0,0,100.00%,5.28ms
2025-08-20 21:24:00,CLOSED,0,0,100.00%,5.28ms
2025-08-20 21:24:05,CLOSED,0,0,100.00%,5.28ms
2025-08-20 21:24:10,CLOSED,0,0,100.00%,5.30ms
2025-08-20 21:24:16,CLOSED,0,0,100.00%,5.30ms
2025-08-20 21:24:21,CLOSED,0,0,100.00%,5.30ms
2025-08-20 21:24:26,CLOSED,0,0,100.00%,5.36ms
2025-08-20 21:24:31,CLOSED,0,0,100.00%,5.36ms
2025-08-20 21:24:36,CLOSED,0,0,100.00%,5.36ms
2025-08-20 21:24:41,CLOSED,0,0,100.00%,5.40ms
2025-08-20 21:24:46,CLOSED,0,0,100.00%,5.40ms
2025-08-20 21:24:51,CLOSED,0,0,100.00%,5.40ms
2025-08-20 21:24:56,CLOSED,0,0,100.00%,5.82ms
2025-08-20 21:25:01,CLOSED,0,0,100.00%,5.82ms
2025-08-20 21:25:06,CLOSED,0,0,100.00%,5.82ms
2025-08-20 21:25:11,CLOSED,0,0,100.00%,6.12ms
2025-08-20 21:25:16,CLOSED,0,0,100.00%,6.12ms
2025-08-20 21:25:21,CLOSED,0,0,100.00%,6.12ms
2025-08-20 21:25:26,CLOSED,0,0,100.00%,6.10ms
2025-08-20 21:25:31,CLOSED,0,0,100.00%,6.10ms
2025-08-20 21:25:36,CLOSED,0,0,100.00%,6.10ms
2025-08-20 21:25:41,CLOSED,0,0,100.00%,6.25ms
2025-08-20 21:25:46,CLOSED,0,0,100.00%,6.25ms
2025-08-20 21:25:51,CLOSED,0,0,100.00%,6.25ms
2025-08-20 21:25:56,CLOSED,0,0,100.00%,6.24ms
2025-08-20 21:26:01,CLOSED,0,0,100.00%,6.24ms
2025-08-20 21:26:06,CLOSED,0,0,100.00%,6.24ms
2025-08-20 21:26:11,CLOSED,0,0,100.00%,6.23ms
2025-08-20 21:26:16,CLOSED,0,0,100.00%,6.23ms
2025-08-20 21:26:21,CLOSED,0,0,100.00%,6.23ms
2025-08-20 21:26:27,CLOSED,0,0,100.00%,6.21ms
2025-08-20 21:26:32,CLOSED,0,0,100.00%,6.21ms
2025-08-20 21:26:37,CLOSED,0,0,100.00%,6.21ms
2025-08-20 21:26:42,CLOSED,0,0,100.00%,6.25ms
2025-08-20 21:26:47,CLOSED,0,0,100.00%,6.25ms
2025-08-20 21:26:52,CLOSED,0,0,100.00%,6.25ms
2025-08-20 21:26:57,CLOSED,0,0,100.00%,6.25ms
2025-08-20 21:27:02,CLOSED,0,0,100.00%,6.25ms
2025-08-20 21:27:07,CLOSED,0,0,100.00%,6.25ms
2025-08-20 21:27:12,CLOSED,0,0,100.00%,6.22ms
2025-08-20 21:27:17,CLOSED,0,0,100.00%,6.22ms
2025-08-20 21:27:22,CLOSED,0,0,100.00%,6.22ms
2025-08-20 21:27:27,CLOSED,0,0,100.00%,6.20ms
2025-08-20 21:27:32,CLOSED,0,0,100.00%,6.20ms
2025-08-20 21:27:37,CLOSED,0,0,100.00%,6.20ms
2025-08-20 21:27:42,CLOSED,0,0,100.00%,6.19ms
2025-08-20 21:27:47,CLOSED,0,0,100.00%,6.19ms
2025-08-20 21:27:52,CLOSED,0,0,100.00%,6.19ms
2025-08-20 21:27:57,CLOSED,0,0,100.00%,6.19ms
2025-08-20 21:28:02,CLOSED,0,0,100.00%,6.19ms
2025-08-20 21:28:07,CLOSED,0,0,100.00%,6.19ms
2025-08-20 21:28:12,CLOSED,0,0,100.00%,6.18ms
2025-08-20 21:28:17,CLOSED,0,0,100.00%,6.18ms
2025-08-20 21:28:22,CLOSED,0,0,100.00%,6.18ms
2025-08-20 21:28:27,CLOSED,0,0,100.00%,6.16ms
2025-08-20 21:28:32,CLOSED,0,0,100.00%,6.16ms
2025-08-20 21:28:37,CLOSED,0,0,100.00%,6.16ms
2025-08-20 21:28:42,CLOSED,0,0,100.00%,6.15ms
2025-08-20 21:28:47,CLOSED,0,0,100.00%,6.15ms
2025-08-20 21:28:52,CLOSED,0,0,100.00%,6.15ms
2025-08-20 21:28:57,CLOSED,0,0,100.00%,6.15ms
2025-08-20 21:29:02,CLOSED,0,0,100.00%,6.15ms
2025-08-20 21:29:07,CLOSED,0,0,100.00%,6.15ms
2025-08-20 21:29:13,CLOSED,0,0,100.00%,6.16ms
2025-08-20 21:29:18,CLOSED,0,0,100.00%,6.16ms
2025-08-20 21:29:23,CLOSED,0,0,100.00%,6.16ms
2025-08-20 21:29:28,CLOSED,0,0,100.00%,6.14ms
2025-08-20 21:29:33,CLOSED,0,0,100.00%,6.14ms
2025-08-20 21:29:38,CLOSED,0,0,100.00%,6.14ms
2025-08-20 21:29:43,CLOSED,0,0,100.00%,6.14ms
2025-08-20 21:29:48,CLOSED,0,0,100.00%,6.14ms
2025-08-20 21:29:53,CLOSED,0,0,100.00%,6.14ms
2025-08-20 21:29:58,CLOSED,0,0,100.00%,6.13ms
2025-08-20 21:30:03,CLOSED,0,0,100.00%,6.13ms
2025-08-20 21:30:08,CLOSED,0,0,100.00%,6.13ms
2025-08-20 21:30:13,CLOSED,0,0,100.00%,6.11ms
2025-08-20 21:30:18,CLOSED,0,0,100.00%,6.11ms
2025-08-20 21:30:23,CLOSED,0,0,100.00%,6.11ms
2025-08-20 21:30:28,CLOSED,0,0,100.00%,6.09ms
2025-08-20 21:30:33,CLOSED,0,0,100.00%,6.09ms
2025-08-20 21:30:38,CLOSED,0,0,100.00%,6.09ms
2025-08-20 21:30:43,CLOSED,0,0,100.00%,6.09ms
2025-08-20 21:30:48,CLOSED,0,0,100.00%,6.09ms
2025-08-20 21:30:53,CLOSED,0,0,100.00%,6.09ms
2025-08-20 21:30:58,CLOSED,0,0,100.00%,6.07ms
2025-08-20 21:31:04,CLOSED,0,0,100.00%,6.07ms
2025-08-20 21:31:09,CLOSED,0,0,100.00%,6.07ms
2025-08-20 21:31:14,CLOSED,0,0,100.00%,6.06ms
2025-08-20 21:31:19,CLOSED,0,0,100.00%,6.06ms
2025-08-20 21:31:24,CLOSED,0,0,100.00%,6.06ms
2025-08-20 21:31:29,CLOSED,0,0,100.00%,6.04ms
2025-08-20 21:31:34,CLOSED,0,0,100.00%,6.04ms
2025-08-20 21:31:39,CLOSED,0,0,100.00%,6.04ms
2025-08-20 21:31:44,CLOSED,0,0,100.00%,6.03ms
2025-08-20 21:31:49,CLOSED,0,0,100.00%,6.03ms
2025-08-20 21:31:54,CLOSED,0,0,100.00%,6.03ms
2025-08-20 21:31:59,CLOSED,0,0,100.00%,6.02ms
2025-08-20 21:32:04,CLOSED,0,0,100.00%,6.02ms
2025-08-20 21:32:09,CLOSED,0,0,100.00%,6.02ms
2025-08-20 21:32:14,CLOSED,0,0,100.00%,6.00ms
2025-08-20 21:32:19,CLOSED,0,0,100.00%,6.00ms
2025-08-20 21:32:24,CLOSED,0,0,100.00%,6.00ms
2025-08-20 21:32:29,CLOSED,0,0,100.00%,5.98ms
2025-08-20 21:32:34,CLOSED,0,0,100.00%,5.98ms
2025-08-20 21:32:39,CLOSED,0,0,100.00%,5.98ms
2025-08-20 21:32:44,CLOSED,0,0,100.00%,5.96ms
2025-08-20 21:32:49,CLOSED,0,0,100.00%,5.96ms
2025-08-20 21:32:54,CLOSED,0,0,100.00%,5.96ms
2025-08-20 21:32:59,CLOSED,0,0,100.00%,5.97ms
2025-08-20 21:33:04,CLOSED,0,0,100.00%,5.97ms
2025-08-20 21:33:09,CLOSED,0,0,100.00%,5.97ms
2025-08-20 21:33:15,CLOSED,0,0,100.00%,5.96ms
2025-08-20 21:33:20,CLOSED,0,0,100.00%,5.96ms
2025-08-20 21:33:25,CLOSED,0,0,100.00%,5.95ms
2025-08-20 21:33:30,CLOSED,0,0,100.00%,5.95ms
2025-08-20 21:33:35,CLOSED,0,0,100.00%,5.95ms
2025-08-20 21:33:40,CLOSED,0,0,100.00%,5.95ms
2025-08-20 21:33:45,CLOSED,0,0,100.00%,5.95ms
2025-08-20 21:33:50,CLOSED,0,0,100.00%,5.95ms
2025-08-20 21:33:55,CLOSED,0,0,100.00%,5.97ms
2025-08-20 21:34:00,CLOSED,0,0,100.00%,5.97ms
2025-08-20 21:34:05,CLOSED,0,0,100.00%,5.97ms
2025-08-20 21:34:10,CLOSED,0,0,100.00%,5.95ms
2025-08-20 21:34:15,CLOSED,0,0,100.00%,5.95ms
2025-08-20 21:34:20,CLOSED,0,0,100.00%,5.95ms
2025-08-20 21:34:25,CLOSED,0,0,100.00%,5.94ms
2025-08-20 21:34:30,CLOSED,0,0,100.00%,5.94ms
2025-08-20 21:34:35,CLOSED,0,0,100.00%,5.94ms
2025-08-20 21:34:40,CLOSED,0,0,100.00%,5.93ms
2025-08-20 21:34:45,CLOSED,0,0,100.00%,5.93ms
2025-08-20 21:34:50,CLOSED,0,0,100.00%,5.93ms
2025-08-20 21:34:55,CLOSED,0,0,100.00%,5.91ms
2025-08-20 21:35:00,CLOSED,0,0,100.00%,5.91ms
2025-08-20 21:35:05,CLOSED,0,0,100.00%,5.91ms
2025-08-20 21:35:10,CLOSED,0,0,100.00%,5.89ms
2025-08-20 21:35:15,CLOSED,0,0,100.00%,5.89ms
2025-08-20 21:35:20,CLOSED,0,0,100.00%,5.89ms
2025-08-20 21:35:25,CLOSED,0,0,100.00%,5.88ms
2025-08-20 21:35:31,CLOSED,0,0,100.00%,5.88ms
2025-08-20 21:35:36,CLOSED,0,0,100.00%,5.88ms
2025-08-20 21:35:41,CLOSED,0,0,100.00%,5.86ms
2025-08-20 21:35:46,CLOSED,0,0,100.00%,5.86ms
